{
  "sample_idx": 41,
  "struct_sigma": 11.814473627788232,
  "speckle_scale": 0.20668402150492365,
  "magnitude": 481.7454224770426,
  "smoothness": 20,
  "speckle_contrast": 4.0,
  "image_size": [
    360,
    360
  ],
  "n_frames": 9
}