{
  "sample_idx": 27,
  "struct_sigma": 12.046122474328905,
  "speckle_scale": 0.09535288362094992,
  "magnitude": 760.1480175859281,
  "smoothness": 30,
  "speckle_contrast": 4.0,
  "image_size": [
    360,
    360
  ],
  "n_frames": 12
}