{
  "sample_idx": 37,
  "struct_sigma": 12.4692915554751,
  "speckle_scale": 0.2062803505272996,
  "magnitude": 541.5627113267452,
  "smoothness": 20,
  "speckle_contrast": 4.0,
  "image_size": [
    360,
    360
  ],
  "n_frames": 9
}