{
  "sample_idx": 37,
  "struct_sigma": 10.620904288787154,
  "speckle_scale": 0.20160488308537086,
  "magnitude": 596.7017677019412,
  "smoothness": 20,
  "speckle_contrast": 4.0,
  "image_size": [
    360,
    360
  ],
  "n_frames": 9
}