{
  "sample_idx": 5,
  "struct_sigma": 7.4544511978743575,
  "speckle_scale": 0.03063486459286184,
  "magnitude": 703.5029136108302,
  "smoothness": 30,
  "speckle_contrast": 4.0,
  "image_size": [
    360,
    360
  ],
  "n_frames": 12
}