{
  "sample_idx": 16,
  "struct_sigma": 12.443331325884076,
  "speckle_scale": 0.2590017422036962,
  "magnitude": 610.0816143673192,
  "smoothness": 20,
  "speckle_contrast": 4.0,
  "image_size": [
    360,
    360
  ],
  "n_frames": 9
}