{
  "sample_idx": 16,
  "struct_sigma": 9.835853865286207,
  "speckle_scale": 0.2173032433791678,
  "magnitude": 523.3309833034563,
  "smoothness": 20,
  "speckle_contrast": 4.0,
  "image_size": [
    360,
    360
  ],
  "n_frames": 9
}