{
  "sample_idx": 15,
  "struct_sigma": 19.538088345353813,
  "speckle_scale": 0.20711947144589846,
  "magnitude": 426.68711270103313,
  "smoothness": 20,
  "speckle_contrast": 4.0,
  "image_size": [
    360,
    360
  ],
  "n_frames": 9
}