{
  "sample_idx": 36,
  "struct_sigma": 9.862570102481229,
  "speckle_scale": 0.21598446324775894,
  "magnitude": 616.1338258987956,
  "smoothness": 20,
  "speckle_contrast": 4.0,
  "image_size": [
    360,
    360
  ],
  "n_frames": 9
}