{
  "sample_idx": 46,
  "struct_sigma": 14.526141669899543,
  "speckle_scale": 0.2064664357468801,
  "magnitude": 621.7696926654181,
  "smoothness": 20,
  "speckle_contrast": 4.0,
  "image_size": [
    360,
    360
  ],
  "n_frames": 9
}