{
  "sample_idx": 26,
  "struct_sigma": 10.464657569088008,
  "speckle_scale": 0.2625840472160859,
  "magnitude": 590.7456574383946,
  "smoothness": 20,
  "speckle_contrast": 4.0,
  "image_size": [
    360,
    360
  ],
  "n_frames": 9
}