{
  "sample_idx": 26,
  "struct_sigma": 16.506533721017043,
  "speckle_scale": 0.1502465587290335,
  "magnitude": 504.57798325116244,
  "smoothness": 20,
  "speckle_contrast": 4.0,
  "image_size": [
    360,
    360
  ],
  "n_frames": 9
}