{
  "sample_idx": 0,
  "struct_sigma": 17.27603896027216,
  "speckle_scale": 0.08676107292028153,
  "magnitude": 607.3781055794846,
  "smoothness": 30,
  "speckle_contrast": 4.0,
  "image_size": [
    360,
    360
  ],
  "n_frames": 12
}