{
  "sample_idx": 31,
  "struct_sigma": 8.770886606927252,
  "speckle_scale": 0.07303845638366517,
  "magnitude": 506.77472677125974,
  "smoothness": 30,
  "speckle_contrast": 4.0,
  "image_size": [
    360,
    360
  ],
  "n_frames": 12
}