{
  "sample_idx": 27,
  "struct_sigma": 15.86903852922582,
  "speckle_scale": 0.19186258840038767,
  "magnitude": 461.9148219904076,
  "smoothness": 20,
  "speckle_contrast": 4.0,
  "image_size": [
    360,
    360
  ],
  "n_frames": 9
}