{
  "sample_idx": 27,
  "struct_sigma": 9.44106320113518,
  "speckle_scale": 0.1200938201265876,
  "magnitude": 578.7659058072265,
  "smoothness": 20,
  "speckle_contrast": 4.0,
  "image_size": [
    360,
    360
  ],
  "n_frames": 9
}