{
  "sample_idx": 33,
  "struct_sigma": 7.67511236256815,
  "speckle_scale": 0.18680154452586578,
  "magnitude": 665.101749835012,
  "smoothness": 20,
  "speckle_contrast": 4.0,
  "image_size": [
    360,
    360
  ],
  "n_frames": 9
}