{
  "sample_idx": 14,
  "struct_sigma": 10.153143338262717,
  "speckle_scale": 0.18953733610788703,
  "magnitude": 479.1564537935792,
  "smoothness": 20,
  "speckle_contrast": 4.0,
  "image_size": [
    360,
    360
  ],
  "n_frames": 9
}