{
  "sample_idx": 14,
  "struct_sigma": 10.655072762479367,
  "speckle_scale": 0.1814521664635459,
  "magnitude": 604.9084573492836,
  "smoothness": 20,
  "speckle_contrast": 4.0,
  "image_size": [
    360,
    360
  ],
  "n_frames": 9
}