{
  "sample_idx": 20,
  "struct_sigma": 10.575844984805542,
  "speckle_scale": 0.17383250544801393,
  "magnitude": 375.41651887413616,
  "smoothness": 20,
  "speckle_contrast": 4.0,
  "image_size": [
    360,
    360
  ],
  "n_frames": 9
}