{
  "sample_idx": 32,
  "struct_sigma": 11.479451452546572,
  "speckle_scale": 0.09446939642098659,
  "magnitude": 634.3257608395859,
  "smoothness": 30,
  "speckle_contrast": 4.0,
  "image_size": [
    360,
    360
  ],
  "n_frames": 12
}