{
  "sample_idx": 13,
  "struct_sigma": 14.75342709788363,
  "speckle_scale": 0.2330396092179778,
  "magnitude": 348.98354168710966,
  "smoothness": 20,
  "speckle_contrast": 4.0,
  "image_size": [
    360,
    360
  ],
  "n_frames": 9
}