{
  "sample_idx": 12,
  "struct_sigma": 11.796180001858609,
  "speckle_scale": 0.13193451637014708,
  "magnitude": 780.5380544006546,
  "smoothness": 30,
  "speckle_contrast": 4.0,
  "image_size": [
    360,
    360
  ],
  "n_frames": 12
}