{
  "sample_idx": 5,
  "struct_sigma": 8.965370813703938,
  "speckle_scale": 0.2888663463498843,
  "magnitude": 650.4141060099138,
  "smoothness": 20,
  "speckle_contrast": 4.0,
  "image_size": [
    360,
    360
  ],
  "n_frames": 9
}