{
  "sample_idx": 9,
  "struct_sigma": 16.86305240711511,
  "speckle_scale": 0.22327231351834045,
  "magnitude": 492.86722043145124,
  "smoothness": 20,
  "speckle_contrast": 4.0,
  "image_size": [
    360,
    360
  ],
  "n_frames": 9
}