{
  "sample_idx": 29,
  "struct_sigma": 13.132770583360207,
  "speckle_scale": 0.24573696060572175,
  "magnitude": 403.1337724720473,
  "smoothness": 20,
  "speckle_contrast": 4.0,
  "image_size": [
    360,
    360
  ],
  "n_frames": 9
}