{
  "sample_idx": 26,
  "struct_sigma": 15.661743869461496,
  "speckle_scale": 0.1010551658505478,
  "magnitude": 510.1805759764882,
  "smoothness": 30,
  "speckle_contrast": 4.0,
  "image_size": [
    360,
    360
  ],
  "n_frames": 12
}