{
  "sample_idx": 1,
  "struct_sigma": 11.232441450795212,
  "speckle_scale": 0.31399015183491924,
  "magnitude": 525.2198183924546,
  "smoothness": 20,
  "speckle_contrast": 4.0,
  "image_size": [
    360,
    360
  ],
  "n_frames": 9
}