{
  "sample_idx": 23,
  "struct_sigma": 11.535471507404173,
  "speckle_scale": 0.10989638415459067,
  "magnitude": 549.8421717436922,
  "smoothness": 20,
  "speckle_contrast": 4.0,
  "image_size": [
    360,
    360
  ],
  "n_frames": 9
}