{
  "sample_idx": 23,
  "struct_sigma": 11.727787895496819,
  "speckle_scale": 0.13530663820824684,
  "magnitude": 597.023976247781,
  "smoothness": 20,
  "speckle_contrast": 4.0,
  "image_size": [
    360,
    360
  ],
  "n_frames": 9
}