{
  "sample_idx": 45,
  "struct_sigma": 16.418345628861708,
  "speckle_scale": 0.20442068154718324,
  "magnitude": 383.4860676464348,
  "smoothness": 20,
  "speckle_contrast": 4.0,
  "image_size": [
    360,
    360
  ],
  "n_frames": 9
}