{
  "sample_idx": 33,
  "struct_sigma": 12.689192594709972,
  "speckle_scale": 0.17769169665853685,
  "magnitude": 641.4877890641696,
  "smoothness": 30,
  "speckle_contrast": 4.0,
  "image_size": [
    360,
    360
  ],
  "n_frames": 12
}