{
  "sample_idx": 21,
  "struct_sigma": 12.236569617421235,
  "speckle_scale": 0.19829502015098685,
  "magnitude": 522.328961151743,
  "smoothness": 20,
  "speckle_contrast": 4.0,
  "image_size": [
    360,
    360
  ],
  "n_frames": 9
}