{
  "sample_idx": 21,
  "struct_sigma": 17.44414761969348,
  "speckle_scale": 0.22972898931356994,
  "magnitude": 552.6658209812846,
  "smoothness": 20,
  "speckle_contrast": 4.0,
  "image_size": [
    360,
    360
  ],
  "n_frames": 9
}