{
  "sample_idx": 10,
  "struct_sigma": 11.603401416467655,
  "speckle_scale": 0.18246054170466686,
  "magnitude": 562.3367373964468,
  "smoothness": 20,
  "speckle_contrast": 4.0,
  "image_size": [
    360,
    360
  ],
  "n_frames": 9
}