{
  "sample_idx": 28,
  "struct_sigma": 11.23599951929021,
  "speckle_scale": 0.09986725931318079,
  "magnitude": 770.0844851417156,
  "smoothness": 30,
  "speckle_contrast": 4.0,
  "image_size": [
    360,
    360
  ],
  "n_frames": 12
}