{
  "sample_idx": 2,
  "struct_sigma": 7.375122636873303,
  "speckle_scale": 0.161390808042573,
  "magnitude": 337.18210953078005,
  "smoothness": 30,
  "speckle_contrast": 4.0,
  "image_size": [
    360,
    360
  ],
  "n_frames": 12
}