{
  "sample_idx": 20,
  "struct_sigma": 21.19631516769263,
  "speckle_scale": 0.16975384993097817,
  "magnitude": 589.9227432743503,
  "smoothness": 30,
  "speckle_contrast": 4.0,
  "image_size": [
    360,
    360
  ],
  "n_frames": 12
}