{
  "sample_idx": 35,
  "struct_sigma": 8.175738284310436,
  "speckle_scale": 0.19856319721266152,
  "magnitude": 717.5412515698482,
  "smoothness": 30,
  "speckle_contrast": 4.0,
  "image_size": [
    360,
    360
  ],
  "n_frames": 12
}