{
  "sample_idx": 41,
  "struct_sigma": 9.809307429735508,
  "speckle_scale": 0.11144276507405623,
  "magnitude": 728.7519660365114,
  "smoothness": 30,
  "speckle_contrast": 4.0,
  "image_size": [
    360,
    360
  ],
  "n_frames": 12
}