{
  "sample_idx": 11,
  "struct_sigma": 15.456139411117043,
  "speckle_scale": 0.05628521105814201,
  "magnitude": 660.2771615661032,
  "smoothness": 30,
  "speckle_contrast": 4.0,
  "image_size": [
    360,
    360
  ],
  "n_frames": 12
}