{
  "sample_idx": 10,
  "struct_sigma": 14.419305107705032,
  "speckle_scale": 0.12048737036322565,
  "magnitude": 592.3254420309969,
  "smoothness": 30,
  "speckle_contrast": 4.0,
  "image_size": [
    360,
    360
  ],
  "n_frames": 12
}