{
  "sample_idx": 8,
  "struct_sigma": 14.253238225848305,
  "speckle_scale": 0.15273758399234474,
  "magnitude": 759.1802954915186,
  "smoothness": 30,
  "speckle_contrast": 4.0,
  "image_size": [
    360,
    360
  ],
  "n_frames": 12
}