{
  "sample_idx": 7,
  "struct_sigma": 15.642364243480213,
  "speckle_scale": 0.1506795031041263,
  "magnitude": 472.5335399879496,
  "smoothness": 20,
  "speckle_contrast": 4.0,
  "image_size": [
    360,
    360
  ],
  "n_frames": 9
}