{
  "sample_idx": 0,
  "struct_sigma": 14.408285879413526,
  "speckle_scale": 0.17580517700254564,
  "magnitude": 473.9400874954843,
  "smoothness": 20,
  "speckle_contrast": 4.0,
  "image_size": [
    360,
    360
  ],
  "n_frames": 9
}