{
  "sample_idx": 0,
  "struct_sigma": 16.753850457783592,
  "speckle_scale": 0.2514050169612536,
  "magnitude": 609.7484002652118,
  "smoothness": 20,
  "speckle_contrast": 4.0,
  "image_size": [
    360,
    360
  ],
  "n_frames": 9
}