{
  "sample_idx": 30,
  "struct_sigma": 23.79168881249849,
  "speckle_scale": 0.20393485645108717,
  "magnitude": 666.4329335069218,
  "smoothness": 30,
  "speckle_contrast": 4.0,
  "image_size": [
    360,
    360
  ],
  "n_frames": 12
}