{
  "sample_idx": 3,
  "struct_sigma": 4.237511962934488,
  "speckle_scale": 0.16675184032138446,
  "magnitude": 449.12909004644064,
  "smoothness": 20,
  "speckle_contrast": 4.0,
  "image_size": [
    360,
    360
  ],
  "n_frames": 9
}