{
  "sample_idx": 45,
  "struct_sigma": 14.196370793148729,
  "speckle_scale": 0.1702932462606376,
  "magnitude": 529.1874871192198,
  "smoothness": 30,
  "speckle_contrast": 4.0,
  "image_size": [
    360,
    360
  ],
  "n_frames": 12
}