{
  "sample_idx": 6,
  "struct_sigma": 11.575630751327171,
  "speckle_scale": 0.2616339177806722,
  "magnitude": 389.48066338456283,
  "smoothness": 20,
  "speckle_contrast": 4.0,
  "image_size": [
    360,
    360
  ],
  "n_frames": 9
}