{
  "sample_idx": 6,
  "struct_sigma": 20.81958043407259,
  "speckle_scale": 0.23818818613684428,
  "magnitude": 580.1207837074583,
  "smoothness": 20,
  "speckle_contrast": 4.0,
  "image_size": [
    360,
    360
  ],
  "n_frames": 9
}