{
  "sample_idx": 28,
  "struct_sigma": 16.606949075751686,
  "speckle_scale": 0.10515272546918161,
  "magnitude": 689.3438090465938,
  "smoothness": 20,
  "speckle_contrast": 4.0,
  "image_size": [
    360,
    360
  ],
  "n_frames": 9
}