{
  "sample_idx": 43,
  "struct_sigma": 1.0,
  "speckle_scale": 0.0628014440143782,
  "magnitude": 463.27220474897507,
  "smoothness": 30,
  "speckle_contrast": 4.0,
  "image_size": [
    360,
    360
  ],
  "n_frames": 12
}