{
  "sample_idx": 32,
  "struct_sigma": 15.076422522121737,
  "speckle_scale": 0.15921827103060862,
  "magnitude": 558.0738202983275,
  "smoothness": 20,
  "speckle_contrast": 4.0,
  "image_size": [
    360,
    360
  ],
  "n_frames": 9
}