{
  "sample_idx": 18,
  "struct_sigma": 11.009916753611593,
  "speckle_scale": 0.13019472480429903,
  "magnitude": 459.34455476767374,
  "smoothness": 20,
  "speckle_contrast": 4.0,
  "image_size": [
    360,
    360
  ],
  "n_frames": 9
}