{
  "sample_idx": 18,
  "struct_sigma": 14.966001849202396,
  "speckle_scale": 0.19391147413062934,
  "magnitude": 335.2057429430083,
  "smoothness": 20,
  "speckle_contrast": 4.0,
  "image_size": [
    360,
    360
  ],
  "n_frames": 9
}