{
  "sample_idx": 4,
  "struct_sigma": 8.223883507439874,
  "speckle_scale": 0.1973395001845029,
  "magnitude": 481.15435077454003,
  "smoothness": 20,
  "speckle_contrast": 4.0,
  "image_size": [
    360,
    360
  ],
  "n_frames": 9
}