{
  "sample_idx": 38,
  "struct_sigma": 14.209090201995483,
  "speckle_scale": 0.2428904101954695,
  "magnitude": 427.111287826884,
  "smoothness": 20,
  "speckle_contrast": 4.0,
  "image_size": [
    360,
    360
  ],
  "n_frames": 9
}