{
  "sample_idx": 34,
  "struct_sigma": 14.03626078929317,
  "speckle_scale": 0.06786114923913578,
  "magnitude": 507.6049831851755,
  "smoothness": 30,
  "speckle_contrast": 4.0,
  "image_size": [
    360,
    360
  ],
  "n_frames": 12
}