{
  "sample_idx": 29,
  "struct_sigma": 12.39308150730792,
  "speckle_scale": 0.12989048621697974,
  "magnitude": 492.36417394085936,
  "smoothness": 30,
  "speckle_contrast": 4.0,
  "image_size": [
    360,
    360
  ],
  "n_frames": 12
}