{
  "sample_idx": 22,
  "struct_sigma": 16.732374064417005,
  "speckle_scale": 0.15653641514202243,
  "magnitude": 595.854503347057,
  "smoothness": 30,
  "speckle_contrast": 4.0,
  "image_size": [
    360,
    360
  ],
  "n_frames": 12
}