{
  "sample_idx": 47,
  "struct_sigma": 15.13766042945777,
  "speckle_scale": 0.21549568669477187,
  "magnitude": 381.9835212623571,
  "smoothness": 20,
  "speckle_contrast": 4.0,
  "image_size": [
    360,
    360
  ],
  "n_frames": 9
}