{
  "sample_idx": 2,
  "struct_sigma": 19.206781722883374,
  "speckle_scale": 0.18815817437246118,
  "magnitude": 525.0065877673851,
  "smoothness": 20,
  "speckle_contrast": 4.0,
  "image_size": [
    360,
    360
  ],
  "n_frames": 9
}