{
  "sample_idx": 40,
  "struct_sigma": 13.300671239411075,
  "speckle_scale": 0.29295268166134125,
  "magnitude": 598.7032883490406,
  "smoothness": 20,
  "speckle_contrast": 4.0,
  "image_size": [
    360,
    360
  ],
  "n_frames": 9
}