{
  "sample_idx": 40,
  "struct_sigma": 8.922746130879595,
  "speckle_scale": 0.15942377984961878,
  "magnitude": 390.06399125398445,
  "smoothness": 20,
  "speckle_contrast": 4.0,
  "image_size": [
    360,
    360
  ],
  "n_frames": 9
}