{
  "sample_idx": 48,
  "struct_sigma": 5.737543783819857,
  "speckle_scale": 0.21239164058849186,
  "magnitude": 524.3393444705944,
  "smoothness": 20,
  "speckle_contrast": 4.0,
  "image_size": [
    360,
    360
  ],
  "n_frames": 9
}