{
  "sample_idx": 49,
  "struct_sigma": 11.47670019702932,
  "speckle_scale": 0.10812702020195518,
  "magnitude": 389.02059993331306,
  "smoothness": 20,
  "speckle_contrast": 4.0,
  "image_size": [
    360,
    360
  ],
  "n_frames": 9
}