{
  "sample_idx": 4,
  "struct_sigma": 6.607041101561582,
  "speckle_scale": 0.17872895845396075,
  "magnitude": 589.0207474308465,
  "smoothness": 30,
  "speckle_contrast": 4.0,
  "image_size": [
    360,
    360
  ],
  "n_frames": 12
}