{
  "sample_idx": 42,
  "struct_sigma": 10.352803814402243,
  "speckle_scale": 0.07479108558093814,
  "magnitude": 401.12510267179863,
  "smoothness": 30,
  "speckle_contrast": 4.0,
  "image_size": [
    360,
    360
  ],
  "n_frames": 12
}