{
  "sample_idx": 42,
  "struct_sigma": 11.223401621173188,
  "speckle_scale": 0.23184512633319057,
  "magnitude": 603.257027174136,
  "smoothness": 20,
  "speckle_contrast": 4.0,
  "image_size": [
    360,
    360
  ],
  "n_frames": 9
}