{
  "sample_idx": 22,
  "struct_sigma": 15.947649393586648,
  "speckle_scale": 0.216898982255588,
  "magnitude": 392.9183989458404,
  "smoothness": 20,
  "speckle_contrast": 4.0,
  "image_size": [
    360,
    360
  ],
  "n_frames": 9
}