{
  "sample_idx": 34,
  "struct_sigma": 7.293302440026904,
  "speckle_scale": 0.30412380290561436,
  "magnitude": 452.07094268232527,
  "smoothness": 20,
  "speckle_contrast": 4.0,
  "image_size": [
    360,
    360
  ],
  "n_frames": 9
}