{
  "sample_idx": 31,
  "struct_sigma": 8.885884986052888,
  "speckle_scale": 0.18518698794627855,
  "magnitude": 384.4723361512073,
  "smoothness": 20,
  "speckle_contrast": 4.0,
  "image_size": [
    360,
    360
  ],
  "n_frames": 9
}