{
  "sample_idx": 44,
  "struct_sigma": 10.970589280989762,
  "speckle_scale": 0.16565192848077887,
  "magnitude": 418.44529512663553,
  "smoothness": 20,
  "speckle_contrast": 4.0,
  "image_size": [
    360,
    360
  ],
  "n_frames": 9
}