{
  "sample_idx": 8,
  "struct_sigma": 13.071813230369413,
  "speckle_scale": 0.22761350771824151,
  "magnitude": 535.404074861571,
  "smoothness": 20,
  "speckle_contrast": 4.0,
  "image_size": [
    360,
    360
  ],
  "n_frames": 9
}