{
  "sample_idx": 8,
  "struct_sigma": 19.182955488428973,
  "speckle_scale": 0.20091503509342354,
  "magnitude": 549.9337811144384,
  "smoothness": 20,
  "speckle_contrast": 4.0,
  "image_size": [
    360,
    360
  ],
  "n_frames": 9
}