{
  "sample_idx": 19,
  "struct_sigma": 10.9080847307984,
  "speckle_scale": 0.06400163369713982,
  "magnitude": 356.7939946908303,
  "smoothness": 20,
  "speckle_contrast": 4.0,
  "image_size": [
    360,
    360
  ],
  "n_frames": 9
}