{
  "sample_idx": 17,
  "struct_sigma": 6.75813362357961,
  "speckle_scale": 0.319984201113757,
  "magnitude": 581.6037674260489,
  "smoothness": 20,
  "speckle_contrast": 4.0,
  "image_size": [
    360,
    360
  ],
  "n_frames": 9
}