{
  "sample_idx": 16,
  "struct_sigma": 9.021772977734333,
  "speckle_scale": 0.11185066510215944,
  "magnitude": 534.1973377326495,
  "smoothness": 30,
  "speckle_contrast": 4.0,
  "image_size": [
    360,
    360
  ],
  "n_frames": 12
}