{
  "sample_idx": 12,
  "struct_sigma": 14.018094077532972,
  "speckle_scale": 0.24391311563351853,
  "magnitude": 315.28104834572287,
  "smoothness": 20,
  "speckle_contrast": 4.0,
  "image_size": [
    360,
    360
  ],
  "n_frames": 9
}