{
  "sample_idx": 17,
  "struct_sigma": 12.96798635008653,
  "speckle_scale": 0.11539166927820142,
  "magnitude": 703.4809380541191,
  "smoothness": 30,
  "speckle_contrast": 4.0,
  "image_size": [
    360,
    360
  ],
  "n_frames": 12
}