{
  "sample_idx": 35,
  "struct_sigma": 10.988278510299413,
  "speckle_scale": 0.3128958685874682,
  "magnitude": 380.99729975372406,
  "smoothness": 20,
  "speckle_contrast": 4.0,
  "image_size": [
    360,
    360
  ],
  "n_frames": 9
}