{
  "sample_idx": 39,
  "struct_sigma": 11.539163695628186,
  "speckle_scale": 0.2996549808481477,
  "magnitude": 561.1375212818649,
  "smoothness": 20,
  "speckle_contrast": 4.0,
  "image_size": [
    360,
    360
  ],
  "n_frames": 9
}