{
  "sample_idx": 36,
  "struct_sigma": 15.84106837796953,
  "speckle_scale": 0.12343933245544976,
  "magnitude": 630.622275093862,
  "smoothness": 30,
  "speckle_contrast": 4.0,
  "image_size": [
    360,
    360
  ],
  "n_frames": 12
}